{
    "Argentine Peso": 213.800119,
    "Australian Dollar": 1.502769,
    "Bahraini Dinar": 0.376,
    "Botswana Pula": 13.115474,
    "Brazilian Real": 5.007054,
    "Bruneian Dollar": 1.332624,
    "Bulgarian Lev": 1.791978,
    "Canadian Dollar": 1.348314,
    "Chilean Peso": 812.551169,
    "Chinese Yuan Renminbi": 6.887307,
    "Colombian Peso": 4511.077343,
    "Czech Koruna": 21.516855,
    "Danish Krone": 6.826379,
    "Euro": 0.916224,
    "Hong Kong Dollar": 7.849974,
    "Hungarian Forint": 343.770578,
    "Icelandic Krona": 136.797192,
    "Indian Rupee": 82.064156,
    "Indonesian Rupiah": 14904.195003,
    "Iranian Rial": 42184.259656,
    "Israeli Shekel": 3.663733,
    "Japanese Yen": 133.558051,
    "Kazakhstani Tenge": 451.134264,
    "South Korean Won": 1322.698498,
    "Kuwaiti Dinar": 0.306417,
    "Libyan Dinar": 4.769906,
    "Malaysian Ringgit": 4.416551,
    "Mauritian Rupee": 45.217365,
    "Mexican Peso": 18.206757,
    "Nepalese Rupee": 131.364197,
    "New Zealand Dollar": 1.612551,
    "Norwegian Krone": 10.584597,
    "Omani Rial": 0.384963,
    "Pakistani Rupee": 287.953756,
    "Philippine Peso": 55.063191,
    "Polish Zloty": 4.276269,
    "Qatari Riyal": 3.64,
    "Romanian New Leu": 4.522721,
    "Russian Ruble": 81.92661,
    "Saudi Arabian Riyal": 3.75,
    "Singapore Dollar": 1.332624,
    "South African Rand": 18.367439,
    "Sri Lankan Rupee": 319.677458,
    "Swedish Krona": 10.452119,
    "Swiss Franc": 0.903961,
    "Taiwan New Dollar": 30.527227,
    "Thai Baht": 34.286315,
    "Trinidadian Dollar": 6.783758,
    "Turkish Lira": 19.289268,
    "Emirati Dirham": 3.6725,
    "British Pound": 0.804234,
    "Venezuelan Bolivar": 2442556.203652
}